{
  "employee_id": {
    "type": "string",
    "description": "Unique identifier for employee"
  },
  "total_compensation": {
    "type": "float",
    "description": "Total compensation including bonuses"
  },
  "seniority_level": {
    "type": "string",
    "description": "Employee seniority based on experience"
  },
  "performance_category": {
    "type": "string",
    "description": "Performance rating category"
  },
  "avg_department_salary": {
    "type": "float",
    "description": "Average salary in the department"
  },
  "experience_bonus": {
    "type": "float",
    "description": "Bonus based on years of experience"
  }
} 