[
  {
    "name": "John Doe",
    "age": 28,
    "salary": 50000,
    "department": "Engineering",
    "experience_years": 5,
    "performance_score": 85,
    "location": "New York"
  },
  {
    "name": "Jane Smith",
    "age": 32,
    "salary": 65000,
    "department": "Marketing",
    "experience_years": 8,
    "performance_score": 92,
    "location": "California"
  },
  {
    "name": "Bob Johnson",
    "age": 45,
    "salary": 80000,
    "department": "Finance",
    "experience_years": 15,
    "performance_score": 78,
    "location": "Texas"
  }
] 