{
    "type": "object",
    "properties": {
        "profile_id": {
            "type": "string",
            "description": "Unique identifier for the customer profile"
        },
        "full_name": {
            "type": "string",
            "description": "Complete name of the customer"
        },
        "contact_email": {
            "type": "string",
            "description": "Primary email address"
        },
        "customer_age": {
            "type": "integer",
            "description": "Age of the customer"
        },
        "financial_score": {
            "type": "number",
            "description": "Combined financial rating based on balance and credit"
        },
        "total_spent": {
            "type": "number",
            "description": "Total amount spent by customer"
        },
        "average_purchase": {
            "type": "number",
            "description": "Average purchase amount"
        },
        "customer_tier": {
            "type": "string",
            "description": "Customer classification (premium/standard)"
        },
        "location": {
            "type": "string",
            "description": "Customer location in format City, State"
        },
        "risk_level": {
            "type": "string",
            "description": "Risk assessment based on credit score"
        }
    },
    "required": ["profile_id", "full_name", "contact_email"]
} 