{
    "customer_id": "CUST_001",
    "first_name": "John",
    "last_name": "Doe",
    "email": "john.doe@example.com",
    "phone": "+1-555-0123",
    "age": 32,
    "account_balance": 2500.75,
    "credit_score": 750,
    "total_purchases": 5,
    "last_purchase_amount": 299.99,
    "registration_date": "2023-01-15",
    "is_premium": true,
    "address": {
        "street": "123 Main St",
        "city": "Springfield",
        "state": "IL",
        "zip": "62701"
    },
    "purchase_history": [
        {"date": "2023-10-01", "amount": 99.99},
        {"date": "2023-09-15", "amount": 149.50},
        {"date": "2023-08-20", "amount": 299.99}
    ]
} 