[
  {
    "customer_id": 1,
    "customer_name": "John Doe",
    "product_name": "Laptop",
    "quantity": 2,
    "unit_price": 999.99,
    "order_date": "2024-01-15",
    "category": "Electronics",
    "discount_percent": 10.0,
    "shipping_cost": 25.00,
    "is_premium": true
  },
  {
    "customer_id": 2,
    "customer_name": "Jane Smith",
    "product_name": "Mouse",
    "quantity": 5,
    "unit_price": 29.99,
    "order_date": "2024-01-16",
    "category": "Electronics",
    "discount_percent": 5.0,
    "shipping_cost": 10.00,
    "is_premium": false
  },
  {
    "customer_id": 3,
    "customer_name": "Bob Johnson",
    "product_name": "Keyboard",
    "quantity": 3,
    "unit_price": 79.99,
    "order_date": "2024-01-17",
    "category": "Electronics",
    "discount_percent": 15.0,
    "shipping_cost": 15.00,
    "is_premium": true
  }
] 